﻿<contentList>
<content contentuid="h2e84be93gf4f8g4493g90cdg10e513cc815f">Гм-м-м... моя зміна скінчилася? Ти прийшла мене підмінити?&lt;br&gt;</content>
<content contentuid="hd220b1fdge502g4066g821eg75c8a32d9277">Стривай — ти не Магістр. Ти &lt;i&gt;джерельниця&lt;/i&gt;. Що ти тут робиш, брудна жебрачко? Підбирай слова уважно; мої кулаки аж ломить від бажання познайомитися з новим обличчям.</content>
<content contentuid="h33579e4eg0dfbg49f8gbab0g400918b486e8">Стривай — ти не Магістр. Ти &lt;i&gt;джерельниця&lt;/i&gt;. Що ти тут робиш, брудна ящурко? Підбирай слова уважно; мої кулаки аж ломить від бажання познайомитися з новим обличчям.</content>
<content contentuid="h920298a7g19e8g43f0gb96age6998c3fccb0">Стривай — ти не Магістр. Ти &lt;i&gt;джерельниця&lt;/i&gt;. Що ти тут робиш, брудна ельфійко? Підбирай слова уважно; мої кулаки аж ломить від бажання познайомитися з новим обличчям.</content>
<content contentuid="hbb59346cge732g423ag9071g58b594573c84">Стривай — ти не Магістр. Ти &lt;i&gt;джерельниця&lt;/i&gt;. Що ти тут робиш, брудний дворфе? Підбирай слова уважно; мої кулаки аж ломить від бажання познайомитися з новим обличчям.</content>
<content contentuid="ha0671aa0gf8a3g4342g8080g062eade69fac">Я оговталася на березі біля форту Радість. Що мене врятувало, удача чи божественне втручання?</content>
<content contentuid="h8e2416beg0759g4b73g8170g16e0319e1038">Перемотана як куряча лапа... та небагато м'яса на &lt;i&gt;твоїх&lt;/i&gt; кістках, &lt;i&gt;б-а-а-а&lt;/i&gt;?</content>
<content contentuid="he45345a6gdd73g4d73g9d85g319bed919d67">Мала б здогадатися, що матиму клопіт!</content>
<content contentuid="hb8515e7bga81cg4488gbb07g418969dab371">От же ж Луцианове ім'я... Мала б здогадатися, що матиму клопіт!</content>
<content contentuid="h84b3f4a5g51e2g4902g95a0g190226e69d12">Який безлад я влаштувала. Хтось обов'язково прийде це прибрати.</content>
<content contentuid="h289ee495gf3bcg46f0g9698gb66b48993673">Ти покарана!</content>
<content contentuid="h020401a0gc565g4048g8be3gb6de3b8caacc">Це я не обнишпорю. Що я собі думала?</content>
<content contentuid="h0ac02b47g66e6g46deg831ag80af72444a6d">Стій на місці, злодійко!</content>
<content contentuid="h107403a5gad6cg4f79g9e06gf05b6b5a3f30">Допоможіть! Злодійка!</content>
<content contentuid="h1f92f418g0a60g4c85gbcebg153fe410ce88">Злодійка! Злодійка! Хто-небудь, ловіть її!</content>
<content contentuid="h8db05b8ag58cbg43c2g9f9cg163396052a00">Грабіжниця! Грабіжниця!</content>
<content contentuid="h96764676gb1f1g44b2g8000g7a7a8045b837">Годі!</content>
<content contentuid="h07c876adgb6e6g45abg9a9fgaabf8993642a">Припини!</content>
<content contentuid="hb15ebb30g5ac7g4ccag8c52g5a166f2862fd">Далеко вона не могла утекти.</content>
<content contentuid="h221e9bbag29b7g459fga397gd046655f1bca">Овва. Ти як це зробила?</content>
<content contentuid="h5b6cd3d1g3f24g4bb5g8169gf0185263badf">Я наполягаю, щоб ти припинила скрадатися.</content>
<content contentuid="hc62fb1d1gde9ag479ega430gad263edbba1e">Що ти собі задумала?</content>
<content contentuid="h35f38fddge3e1g4ee7gbd5egacb0e10fc97a">А я вже думала, що бачила все...</content>
<content contentuid="h3b638fa0g4098g487egaa05g1cce9025f0e7">Ти кусаєш більше, ніж можеш прожувати, дурепо. Приготуйся!</content>
<content contentuid="h50007ea4gab4dg4d7fg8137g0c890f5aaec4">Ти відкусила більше, ніж можеш прожувати, дурепо. Приготуйся!</content>
<content contentuid="h55a31794g48c1g4b64g8d0dgcd0f115fa216">Дарма ти наривалася!</content>
<content contentuid="h3e5dbd81ga099g4f20gb603gb2e5640b259a">Здається, ти вже пролила трохи крові. Тепер моя черга.</content>
<content contentuid="hed62bcb5g5abcg4cf3gbd25g79f0e85fc868">Здається, ти вже пролила трохи крові. Тепер моя черга.</content>
<content contentuid="h50cc287dgad58g4ec1g9b98gb4f781c82405">Я переконаюся, що тебе вбили, Невмируща, в ім’я Алекзанара!</content>
<content contentuid="h55da1184gfb31g4c42g84d9g28afe75c5756">Невмируща! Я тебе приб’ю, мерзенне створіння!</content>
<content contentuid="hbeeffef5gad20g4816gaefdg41f183be5a3a">Невмируща! Прибийте її!</content>
<content contentuid="hef7f3af2gff20g436dg8384g5813e89e8451">Невмируща! Я б’ю іменем Луциана, істото!</content>
<content contentuid="h08e98d5bg52a6g4434g8370g2cbe4b9b4147">Ти... Ти джерельниця! Ані руш!</content>
<content contentuid="hd1e999f4gf357g4996gb9bcg3907d471874b">Ти зробила свій вибір. Ти готова померти за нього?</content>
<content contentuid="h26366607g834ag4820g93fcg91044b3e0894">*Вам увірвається терпець. Напасти на обвинувача.*</content>
<content contentuid="h6ff0eb6ag6ee6g4648gb23cga666f5bb73ae">[ЕЛЬФ] *Похитати головою. Чи сталося б це, коли б ви не були ельфійкою?*</content>
<content contentuid="h723a5360g29aeg4f8fg81f7gfed3ae0e34be">[ЕЛЬФ] *Вказати на обвинувача. Вона би так не сказала, якби ви не були ельфом!*</content>
<content contentuid="h7fedeb8dg0f9eg474bgab59gf7b32fcc6553">[ДВОРФ] *Вказати на обвинувача. Вона би так не сказала, якби ви не були дворфом!*</content>
<content contentuid="hb240fc70g5eb4g43a2g9d8dg0824619e1e0e">[ЯЩУР] *Вказати на обвинувача. Вона би так не сказала, якби ви не були ящуром!*</content>
<content contentuid="he9d63b55g5e90g4b81g959eg1ca4c6648769">[ЛЮДИНА] *Вказати на обвинувача. Вона б так не сказала, якби ви не були людиною!*</content>
<content contentuid="h63b2044dg74c5g4dc8g87c9g4d9b5db2b7b3">На таку нісенітницю я не куплюсь. Я ж не дурепа.</content>
<content contentuid="hb1b88e9eg55ddg43c7gba61g3e3f30e78889">Видається, тебе я правильно зупинив!</content>
<content contentuid="hcd3b362ag1b51g4ef7gb455g0795fada8f13">Та я б ніколи у таку нісенітницю не повірила! Ти що — вважаєш, я дурепа?</content>
<content contentuid="hf445657cgbbe4g4daega729ge1f44db7e991">Схоже, наша злодійка знайшлася! Смерть — єдине належне покарання для таких злочинців як ти!</content>
<content contentuid="h4e7387d8gb2b8g4254gbc35g7facb0cafe96">Я знайшла злодія!</content>
<content contentuid="h5fdd6d0cg3d74g48fcga309gc113b23d712e">Не хочу я твоїх грошей! Я хочу, щоб ти здохла!</content>
<content contentuid="h913cc199gf047g4d5fg90c2g4629e91b1888">Я не такий дурний, як ти вважаєш, злодійко.</content>
<content contentuid="hbcaf7d3fg3f91g4c0agbf69gf5e19fc284c7">Ти щось замислила! Ану відкривай торбу, негайно!</content>
<content contentuid="h19334ab8g4588g409fgbb94g3594e1e22137">Я затинався, чи ти просто дурна? В кожному разі, руки геть!</content>
<content contentuid="h448182ccg403dg45degb500g406308152bd8">Я не обмовилася. Руки геть!</content>
<content contentuid="h73f44a35g43feg4739ga74dg765ade8fa7a0">Я не дурень, злодійко!</content>
<content contentuid="ha38c54begaf1cg4d74gbd6dg7734bf3ffdc3">Ти сама винувата, злодійко!</content>
<content contentuid="hae3b7b8fg5112g45e6g8790gc36878c2f2a3">Не того ельфа ти обрала для хабаря, злодійко!</content>
<content contentuid="hd986b8fegb992g482fgbd78gb5467c4def82">Не хочу я твоїх грошей, &lt;i&gt;злодійко!&lt;/i&gt;</content>
<content contentuid="hf967cc23gf908g46e0g8a6eg45d8f6d92543">Я вже дав тобі два шанси, злодійко!</content>
<content contentuid="h328dbb8ag1eb3g484bgb721g50cb81fe3b0d">Загнана в кут!</content>
<content contentuid="hc05492b1g3629g4481g9177gdc5a212707b1">Сказилася? Ні. Нестерпна? Безумовно.</content>
<content contentuid="h72959276ge6d8g4636g91c6gb8e02c2839db">Ти в цьому впевнена?</content>
<content contentuid="h39aaf7feg4a76g4278g8880g73ebec3bdee0">А тепер ти замовкла. Якби ж усі людці були такими чуйними.</content>
<content contentuid="hb006aa0fg563dg4641g8ed2gf3b56ddc7e70">А ти не особливо балакуча, еге ж.</content>
<content contentuid="hf096a1f7g3e38g4aa6g9544g97c6d4783492">Прикидаєшся мертвою, чи не так? Напевно, слушна думка...</content>
<content contentuid="h2c5d683dg782cg4d1fgb065g65812005e63a">Ура! Я прокинулася від сну! Подаси руку?</content>
<content contentuid="h496404a6gc1dfg4757g83a2g8a4be95527c2">Допоможи, дорогенька, якщо твоя ласка?</content>
<content contentuid="h4a6a17aeg38fcg4f9cgb858gbc796892d710">Я цілком здатна піднятися на ноги самостійно, дякую. Якщо мої ноги досі там, де я лишила, власне...</content>
<content contentuid="hd43cb78ag026eg46b3gb0dbg5ae10088fad9">Допоможи іншим вцілілим. Я себе сама від пилу обтрушу...</content>
<content contentuid="h7534bea8g29c5g4cdfg99abg6da9de067a77">Яка зневага! Це я маю відсилати людей до темниці, а не плентатися туди сама.</content>
<content contentuid="head85af4g7eadg4721g8282g2149a3b72b0b">Побий мене трясця, шоб я знов повернула сі до сього пекельного пристрою.</content>
<content contentuid="h0e82ce79g7876g4cd8g9594ge69e8da1f05c">Я знала, що ці ошийники не приборкають таких тварин як вони.</content>
<content contentuid="ha82f8b93g1e02g42a7g9e58g4c118adb8553">*Щойно ви торкнулися дверей, сірість просочується у ваші кістки. Ви... &lt;i&gt;порожня.*&lt;/i&gt;</content>
<content contentuid="he84a8c90g09b1g4c3fgb53dgfebf7e962201">*Ви тиснете долонею на двері, щоб їх відчинити. Щойно пальці клацають по деревині, ви раптом відчуваєте себе &lt;i&gt;сірою.&lt;/i&gt; Від цього дотику ви... ціпенієте. Ви пригнічені.*</content>
<content contentuid="h9960cfdega066g45f0g8bf0g2cf91b3da36f">Ви така красива.</content>
<content contentuid="hcb840540gb7e8g4528g804bgcfee73402136">Мені подобається ваш вигляд. Ви на вигляд нічогенька.</content>
<content contentuid="hff9b9496gbcbag4facg8006g3bc929b7356d">Моя мама боїться ящурів. Я — ні! Я думаю, ви нічогенька. Я би був щасливий, якби мав хвоста.</content>
<content contentuid="h54ab1265gd807g4153g9244gb745b855730f">Коли я виросту, я хочу бути як ви. &lt;i&gt;Співачкою!&lt;/i&gt; Чому ви тут не заспіваєте?</content>
<content contentuid="hcccbf27dg4988g46c4g8695gb811304e60b2">Яка у вас робота? На вигляд, ви ніби чарівниківниця. Як я! Та, мабуть, не така сильна.</content>
<content contentuid="hcda4122eg62cbg4908g8e0cgb52fe30d7321">Магістри жадают крови! Ти ж виділа тіло, нє? Така здоровила єк ти зуміє сі з ними упорати. </content>
<content contentuid="h56167313gdec6g4028ga659g0c0406c84a13">Наші традиції нічого не варті поки нас душать ці ошийники, землячко.</content>
<content contentuid="hf54ddc6ag8badg46dbg8915gddf052f88bc2">[МІСТИК] *Сказати, що ви бачили довгий чорний сон про корабель, який пливе по ріці мертвих. Але ж ви не мертва, правда ж?*</content>
<content contentuid="h0125128eg666eg4dc1gba57g5802977f1c38">От лихо, ти дійсно видаєшся трохи сонною, чи не так? Певно, я дещо переборщила із седативним...</content>
<content contentuid="h36487631gf857g4a2bg97cdgf188e942208a">Ні... Ти жива і ведеш розмову. Ти, безумовно, &lt;i&gt;на&lt;/i&gt; кораблі, але, на щастя для нас обох, ми подорожуємо лише звичайним знаним морем.</content>
<content contentuid="haa9b8fdbgb87eg42d0g8622g2dde4ef7702e">Ось тобі, бачиш: функція ошийника. Вона... тебе каструє, чи щось таке. Робить тебе нездатною черпати з джерела.</content>
<content contentuid="hc06337dag9fbcg4703gbe61g4514c84b8590">*Сопить-сопить-сопить-сопить* Ти! Джерельнице! Кров? Ні! Іди! Гав! </content>
<content contentuid="h47b45aa3g6febg40e2gbcd4gc2ef1e0244d9">Спокійно — ти бліда єк моя гузиця. Чом сі не рушаєш.</content>
<content contentuid="hf8425742g8bbeg4e3cgbf8ag4b11efccb4b3">Здивована? А ти одна з них. Ти ж знаєш на що здатні джерельники. Той, хто зробив це, зумів обійти запобіжник свого ошийника і вбив чоловіка.</content>
<content contentuid="h0adcee31gf0bbg496dgac6eg31ca87574312">*Сказати черепу, щоб не лізла у чужі справи. Ви тут не для того, щоб розмовляти з людським детритом.*</content>
<content contentuid="h67fe03ddg4fc5g4d36ga291ga16ec5e0073c">*Сказати черепу, щоб припинила витрачати ваш час. У вас є важливі справи.*</content>
<content contentuid="hcec43f63g47d1g4153gae8dg99dfc6ee4a3b">*Запитати говірливий краніум, чи вона знає що коїться на кораблі.*</content>
<content contentuid="h126d6b83g07dcg4fc9g919ag8862d06c6317">Хоча бачити когось отак закутану, вони либонь подумали, що в тебе коростяна чума. Хех! Дивися, смійся, та не торкайся. </content>
<content contentuid="h2f5d525dg0647g4a87ga5e1gfd63c2a305e8">Ну, хіба ти не цікаве видовище? Якби в мене була маска, щоб ховати свої кістки, як у тебе, може, і я б досі ходила власними ногами.</content>
<content contentuid="h42198e77g7f34g4d75ga530g1f87ca6a18ec">Така могутня, що тебе перемогли клоуни в червоних накидках і сяйних намистах? Що ж, розфарбуй мене враженою!</content>
<content contentuid="h73f94cd4gb260g4448gaa94g6a5072590604">Хех, мусила б здогадатися, що це салонний трюк.</content>
<content contentuid="haf232ba4gcef8g4a68g8904ga5647acfab89">І щоб ти розуміла, краще не знімай свій каптур. Живі дуже не люблять, коли їхнє майбутнє витріщається просто на них.</content>
<content contentuid="hc8db4b66gb553g4accg8ff6g2e1ee9bed91d">Тільки погляньте, кого це викопав пес. Тобі пощастило, що вони не помітили &lt;i&gt;наскільки&lt;/i&gt; ти насправді худа, під своїми пов'язками.</content>
<content contentuid="hf3da83efg2c7fg49b6ga3a1g8068dd6cdea2">Де ти таке узяла? У світі, либонь, таких експонатів небагато.</content>
<content contentuid="h19f93756gf4b4g43f8gb51bg4867bb1989c8">Нє, ти файна дурепко! То не був жодний щур. То &lt;i&gt;штурвал&lt;/i&gt;. Вищить, за кожним разом, єк керманич повертає го за годинником, се означає, шо ми прямуємо на схід.</content>
<content contentuid="h1ec33324gfa13g4a27g8c4eg2e12d9db297c">&lt;i&gt;Передбачення&lt;/i&gt;. Він шось відчув. Я би сі за мешти ухопив, єкби був тобою, дівчино. </content>
<content contentuid="ha4a64120g1ec6g4514g9db1gd7b6015a4f61">Ає, то ти маєш і очі, і уха, ге?! Далеко підеш, дівчино. Навіть тутай.</content>
<content contentuid="hd925597cg7b0eg4bdbg9e02gd1395fa01681">Тогди ти зле прислухаєш сі, дівчино. Ади.</content>
<content contentuid="heaa927e7g30cag456fg9f15g4278e024440f">То був &lt;i&gt;штурвал&lt;/i&gt;. &lt;i&gt;Штурвал&lt;/i&gt;, не розумієш, ти файна дурепко! Вищить, за кожним разом, єк керманич повертає го за годинником, се означає, шо ми прямуємо на схід.</content>
<content contentuid="h05d09a11g01eeg4d90g8a21g48c6f67a4d0e">Я знаю, що раніше ти була смертною, але чому ти не дозволила їхньому невігластву згинути разом зі своєю плоттю?</content>
<content contentuid="h43992d14gf17dg461egb853gd06b20a1882c">Тепер, якщо ти закінчила, здається, у тебе є рятівний човен, на який тобі вже час бігти.</content>
<content contentuid="h43cb2953gb76eg405cga051g5e5d02453bcd">Облиш, я настільки ж ельф, наскільки ти — оці лахи, в які ти вбрана.</content>
<content contentuid="h4dff4763g781dg4632g8a23g9cf402a40e6a">Прошу вибачення, сестро ельфійко.</content>
<content contentuid="h7f6a524ag7df4g4460g82d3g9413a86341c9">Прошу вибачення, ящурко.</content>
<content contentuid="hf0d7c9fcgea76g4372g9b21g59d1a3f6c8ef">Власне, до речі, ти хіба не повинна битися за рятівні човни?</content>
<content contentuid="h07c7e5f2g91c6g4273gb424g3497413ee23a">[ФЕЙН] *Сказати їй, що ваше ім'я на мові, яку вона ніколи не чула і не зуміє вимовити, проте вона може називати вас Фейн.*</content>
<content contentuid="h8397a896g081bg44f5gb0d4g2b81b3d34c73">*Сказати, що вас досі цікавить убивство. Це &lt;i&gt;вона&lt;/i&gt; скоїла?*</content>
<content contentuid="h1752f0bbg8911g40b4gaba2g2d6e30b71623">Ви про шо там змовляєтеся? Ти! Ящурко! Як тебе звати?</content>
<content contentuid="ha5daef3cgdaffg4592g85a3ga5d9cd57e69a">Ви про шо там змовляєтеся? Ти! Ельфійко! Як тебе звати?</content>
<content contentuid="h6e00d126g5e03g4b5bg8424g4790ff204bd4">Сподіваюся, ти билася краще, ніж брешеш, подруго.</content>
<content contentuid="h9e358630ga480g4050gbc34ge97cbfb3c35a">Ти служила?</content>
<content contentuid="h1c535e54g30a8g43ceg850dg37afc48cc4b3">Одне я знаю точьно, відповідь не зробе тебе шасливішою. Нехай тіла спочивають, правосуддя мертвих належить Залові відлуння.</content>
<content contentuid="h55749e16g5614g49bbgaf64g8a549b977fd3">Дякую, та я вже належу до елітної й ексклюзивної корабельної банди. Кожен день після обіду ми граємо в м'яча. Ти для цього занадто м'яка.</content>
<content contentuid="h64cc3ab1g322cg41cag8cd0g957b2fac0b42">Ти не могла би, будь ласка, сказати цьому надто &lt;i&gt;обворожливому&lt;/i&gt; табуну «геть не схожих на шибеників» малих, що я в жодному разі не є отою пані «Льосею»? До того ж я &lt;i&gt;не співаю&lt;/i&gt;, та й узагалі, у мене смертельна, смертельна алергія!</content>
<content contentuid="hfc68e86bg0230g4564g8b6fg8eda519ed364">Ти абсолютно маєш рацію, моя дружинонько! Мадам Жозефіна Ґрібблс де Піб не погоджується, щоб її плутали з кимсь іншим!</content>
<content contentuid="h0436c1fcg923fg4024g8b9fg8b6f47db1c39">*Кивнути. Сказати йому, що ви ще та чаклунка на кухні. Справжній шеф-кухар.*</content>
<content contentuid="h1a983615g0180g4fc6g9acdg187d2d1827f7">Прийми мої найщиріші вітання: віднині, ти моя раба!</content>
<content contentuid="h28c07c8dgfe55g405dga7d6gcab6dfda96d5">Ні, гарно прошу, не приходь мене благати. Я тобі уже сказав: ти моєю рабою стати не можеш і це остаточно.</content>
<content contentuid="h297939f6g3cc9g48f4gae28gd8996c366130">Таке зовсім не годиться, розумієш. З жалем мушу відмовити тобі у цьому шансі стати моєю рабою. Надзвичайно прикро.</content>
<content contentuid="h42db9e98gc740g45ccgab3ag42d313bd7587">Так... Коли й інші ділянки твого тіла так рясно буяють волоссям, то не маю сумнівів, що таїнства догляду ти цілком опанувала.</content>
<content contentuid="h52f2f885g8516g41e9gb9ebg2404ee004398">Моєю рабою, звичайно! О, тепер я бачу. Так, припускаю, що тобі знадобиться час, щоб утямити усю цілковиту повноту моєї безрадісної відмови.</content>
<content contentuid="h545eed84g861eg4906gb2a9g3fec37de6185">І, безперечно, куховарка, яка не відчуває смаку, десь так само корисна, як і собака у шаховій партії.</content>
<content contentuid="haf5aa0dfg8c48g41c5gb30cg56530a117621">Що ж далі, до останнього запитання. Чи опанувала ти здатність підтримувати чиюсь зовнішність у належному стані? Мене цікавить саме витончене мистецтво застосування косметики.</content>
<content contentuid="hdec0c02ag8a13g4521g8d78g78aadf0610b0">Моєю рабою, звичайно! О, тепер я бачу. Так, припускаю, що тобі знадобиться час, щоб утямити усю цілковиту повноту такої честі.</content>
<content contentuid="he0795758gd1bbg46fagbc94g61d9dd94c74f">Що ж, жебракам не годиться вередувати, тож без зайвих слів, дозволь урочисто тебе привітати: віднині — ти моя раба!</content>
<content contentuid="h040bac90g53edg412ag91f6g0f838664a500">Ти... &lt;i&gt;згадувала&lt;/i&gt; про речі, які ви раніше робили разом.</content>
<content contentuid="h08d9c231g66c5g417dg858bgdc41032549db">Гм-м-м... Ти була у підвалі з іншими джерельниками. Тоді як всі спали, ти не спала, а думала про декого, хто зостався вдома. Декого дуже особливого.</content>
<content contentuid="h0aa77e82g553ag4ddbg8a69g95f0d0bba009">Гм-м-м... Ти була у підвалі з іншими джерельниками. Спостерігала. Витріщалася на них. Сподівалася, що ніхто не витріщатиметься у відповідь.</content>
<content contentuid="h16b54623gcacag409bgb8f0g9d6a5d322fc6">Гм-м-м... Ти була у підвалі з іншими джерельниками. Тоді як всі спали, здається, ви з іншим ельфом, займалися чимсь схожим на те, що я щойно зробила.</content>
<content contentuid="h28d9a508gf812g4983ga9e9g4cddee4135e7">Ти думала про плоть, а щоб бути точніше: про плотські втіхи. Ті, що вже дуже довго уникають тебе...</content>
<content contentuid="h30355d80gc51dg4f46gba4eg2d80c34b1a0d">Там ти й стояла, коли зайшов Магістр. Все ще голодна. Почувалася цілковитою дурепою.</content>
<content contentuid="h30bd7273g65eag4890g9eb0g142782099381">Я могла б лизнути твою руку і розповісти, як ти провела позавчорашню ніч. Що скажеш?</content>
<content contentuid="h448d2294g7d22g4cceg8485g5eee5ebe03b2">Ой леле, чи ж ти не гарненьке горнятко повне цукру з перцем?</content>
<content contentuid="h4fba5d22gea4ag43a7gb1f1gd10067e54bc5">Гм-м-м... Ти була у підвалі з іншими джерельниками. Спостерігала. Витріщалася на них. Сподівалася, що ніхто не витріщатиметься у відповідь.</content>
<content contentuid="h77168e76g4044g4060g8ba5g40d98ee103da">Та ти не хвилюйся, дорогенька: я твої таємниці збережу.</content>
<content contentuid="h7a35f7c9g5126g4f0ega87eg243275765023">Знайшовши двері підвалу прочиненими, замість того, щоб спробувати утекти, ти прокралася до комори як звичайна злодюжка, але не знайшла там нічого опріч сумнівної ріпи.</content>
<content contentuid="h7b9e32b0gda0eg4c2agb7eag267e72e8cb61">Гм-м-м... Коли посеред ночі тебе силою заштовхали на цей корабель, ти рухалася уздовж його корпусу і рукою пестила деревину, неначе то були жіночі стегна.</content>
<content contentuid="h8617c9f9g998fg4fa5g9a61g4e19f738c1aa">Гм-м-м... Ти була у підвалі з іншими джерельниками. Темне, вогке місце — я добре його пам'ятаю. Поки всі спали, ти сиділа у темряві не змикаючи очей, і ніжно дивилася на... &lt;i&gt;мене!&lt;/i&gt;</content>
<content contentuid="h8caa51eeg6cd5g458cgbe03ga580c91356a4">Ну, ну. Не хвилюйся, дорогенька: я твої таємниці збережу.</content>
<content contentuid="ha5f6c5efg8077g4774g93e1g788878f345ad">Ти відчайдушно хотіла заговорити, дотягнутися, установити зв'язок з цими дивними створіннями. Але ти була перелякана. Навіть, нажахана через те, що вони можуть про тебе подумати.</content>
<content contentuid="hb05f0bc7g1cc9g427bg80e3g0d4d4231b6c8">Ти була... у підвалі з іншими джерельниками. Поки всі спали, твій голод гриз тебе і гриз, аж поки ти вже не могла більше терпіти.</content>
<content contentuid="hb8b41628g6f42g4b6cgabbbg2e52e4299302">Ну, ну. Не засмучуйся! І не треба перейматися, дорогенька: я твої таємниці збережу.</content>
<content contentuid="hc0df59edg4ad3g4ae1ga28egc5c0817a0c8d">В кожному разі, не хвилюйся, дорогенька: я твої таємниці збережу.</content>
<content contentuid="heb290874g6bffg4c9ega665ga8629a8bd183">Як тобі зручно, дорогенька.</content>
<content contentuid="h19ef936agfbf5g43fbg88c7g8994a432ce8b">А, ніхто, знову. Ти перший раз не затямила? Греби звідси.</content>
<content contentuid="h40966535gb1e1g410bgb8a7g9d8f5687c1ef">Я зайнятий пошуком зачіпок, джерельнице. Іди розповідай свою журливу історію деінде.</content>
<content contentuid="h700ad1a3g5639g47d2g8a5bg2ddec32c82a6">Іди куди йшла, джерельнице. Іди, куди йшла...</content>
<content contentuid="hc86bda23g6a4fg4ba2gb654g8617a246b7de">Що? Ти перший раз не затямила? Греби звідси.</content>
<content contentuid="h38092cf0gda97g47cbg9787g2f431e4ebda3">*Знизати плечима і сказати, що може, ви зумієте. Ви джерельниця, з рештою.*</content>
<content contentuid="h452437bfgd483g413eg81eegd159be48c20e">*Сказати, що ви не якась стукачка.*</content>
<content contentuid="h07af4630g2782g45d0gbfc0gd6b8e50b565c">Ви на цьому кораблі одна з беззаперечно невинних людей. Хіба що, ви б зуміли скоїти вбивство поки спали.</content>
<content contentuid="h5607b467gd28cg4026g8fe8g87705bf4011f">Принципова ельфійка. Я розумію. Цікаво, що ви відчуєте, коли той хто це скоїв, учинить таке знову.</content>
<content contentuid="ha9eb6665g7e7dg43c4ga952g14348bf3ec69">Принципова ящурка. Я розумію. Цікаво, що ви відчуєте, коли той хто це скоїв, учинить таке знову.</content>
<content contentuid="h91942962gd699g4962g9c2cgf49e38a63804">Гей ти, джерельнице! Біжи, поклич Магістра Сиван! Нам треба щось більше за ошийник: цю маніячку треба закувати в кайдани по руках і ногах!</content>
<content contentuid="hed26fb5bge9b0g4826gbdb8ga0c681d37b04">У мене згорнулася кров, коли вона з'явилася. Корабель затрусився, наче налетів тайфун, а вона знову зникла. Сама бачиш, чим усе скінчилося. Таке може зробити тільки джерело.</content>
<content contentuid="ha5a64b29g118fg4981g98a3g6350f02b9d6f">&lt;i&gt;І ще одна джерельниця.&lt;/i&gt;</content>
<content contentuid="h04ffd9edgf2abg4ce4gb6d6gd1bee03f8317">*Гарчить!* Ти! Джерельниця! </content>
<content contentuid="h0ad2580fgbad5g4ed2gbdb8gd8006e423fcb">*Гарчить!* Джерельниця... ГАВ! ГАВ! ГАВ!</content>
</contentList>