﻿<contentList>
<content contentuid="hb1b88e9eg55ddg43c7gba61g3e3f30e78889">Видається, тебе я правильно зупинила!</content>
<content contentuid="h2d38c74cg2a62g47b8ga043gb735e2fdc0ef">*Вона розчохляє зброю і супиться. Виправдання тут уже не допоможуть.*</content>
<content contentuid="h913cc199gf047g4d5fg90c2g4629e91b1888">Я не така дурна, як ти вважаєш, злодію.</content>
<content contentuid="h19334ab8g4588g409fgbb94g3594e1e22137">Я затиналася, чи ти просто дурний? В кожному разі, руки геть!</content>
<content contentuid="h73f44a35g43feg4739ga74dg765ade8fa7a0">Я не дурепа, злодію.</content>
<content contentuid="hae3b7b8fg5112g45e6g8790gc36878c2f2a3">Не ту ельфійку ти обрав для хабаря, злодію!</content>
<content contentuid="hf967cc23gf908g46e0g8a6eg45d8f6d92543">Я вже дала тобі два шанси, злодію!</content>
</contentList>