﻿<contentList>
<content contentuid="h4e7387d8gb2b8g4254gbc35g7facb0cafe96">Я знайшла злодійку!</content>
<content contentuid="h913cc199gf047g4d5fg90c2g4629e91b1888">Я не така дурна, як ти вважаєш, злодійко.</content>
<content contentuid="hbcaf7d3fg3f91g4c0agbf69gf5e19fc284c7">Ти щось замислила! Ану відкривай торбу, негайно!</content>
<content contentuid="h19334ab8g4588g409fgbb94g3594e1e22137">Я затиналася, чи ти просто дурна? В кожному разі, руки геть!</content>
<content contentuid="h73f44a35g43feg4739ga74dg765ade8fa7a0">Я не дурепа, злодійко!</content>
<content contentuid="hae3b7b8fg5112g45e6g8790gc36878c2f2a3">Не ту ельфійку ти обрала для хабаря, злодійко!</content>
<content contentuid="hf967cc23gf908g46e0g8a6eg45d8f6d92543">Я вже дала тобі два шанси злодійко!</content>
</contentList>